DateAndTime            ,Date            ,Time        ,TOTAL_FBC               
-----------------------,----------------,------------,------------------------
2022-11-16 11:32:26.000,      2022-11-16,11:32:26    ,                  1154.0
2022-11-16 11:31:26.000,      2022-11-16,11:31:26    ,                  1152.0
2022-11-16 11:30:26.000,      2022-11-16,11:30:26    ,                  1146.0
2022-11-16 11:29:26.000,      2022-11-16,11:29:26    ,                  1144.0
2022-11-16 11:28:26.000,      2022-11-16,11:28:26    ,                  1139.0
2022-11-16 11:27:26.000,      2022-11-16,11:27:26    ,                  1133.0
2022-11-16 11:26:26.000,      2022-11-16,11:26:26    ,                  1129.0
2022-11-16 11:25:26.000,      2022-11-16,11:25:26    ,                  1127.0
2022-11-16 11:24:26.000,      2022-11-16,11:24:26    ,                  1124.0
2022-11-16 11:23:26.000,      2022-11-16,11:23:26    ,                  1119.0
2022-11-16 11:22:26.000,      2022-11-16,11:22:26    ,                  1116.0
2022-11-16 11:21:26.000,      2022-11-16,11:21:26    ,                  1112.0
2022-11-16 11:20:26.000,      2022-11-16,11:20:26    ,                  1108.0
2022-11-16 11:19:26.000,      2022-11-16,11:19:26    ,                  1103.0
2022-11-16 11:18:26.000,      2022-11-16,11:18:26    ,                  1100.0
2022-11-16 11:17:26.000,      2022-11-16,11:17:26    ,                  1097.0
2022-11-16 11:16:26.000,      2022-11-16,11:16:26    ,                  1096.0
2022-11-16 11:15:26.000,      2022-11-16,11:15:26    ,                  1094.0
2022-11-16 11:14:26.000,      2022-11-16,11:14:26    ,                  1092.0
2022-11-16 11:13:26.000,      2022-11-16,11:13:26    ,                  1089.0
2022-11-16 11:12:26.000,      2022-11-16,11:12:26    ,                  1085.0
2022-11-16 11:11:26.000,      2022-11-16,11:11:26    ,                  1082.0
2022-11-16 11:10:26.000,      2022-11-16,11:10:26    ,                  1079.0
2022-11-16 11:09:26.000,      2022-11-16,11:09:26    ,                  1075.0
2022-11-16 11:08:26.000,      2022-11-16,11:08:26    ,                  1071.0
2022-11-16 11:07:26.000,      2022-11-16,11:07:26    ,                  1065.0
2022-11-16 11:06:26.000,      2022-11-16,11:06:26    ,                  1061.0
2022-11-16 11:05:26.000,      2022-11-16,11:05:26    ,                  1059.0
2022-11-16 11:04:26.000,      2022-11-16,11:04:26    ,                  1054.0
2022-11-16 11:03:26.000,      2022-11-16,11:03:26    ,                  1050.0
2022-11-16 11:02:26.000,      2022-11-16,11:02:26    ,                  1046.0
2022-11-16 11:01:26.000,      2022-11-16,11:01:26    ,                  1041.0
2022-11-16 11:00:26.000,      2022-11-16,11:00:26    ,                  1038.0
2022-11-16 10:59:26.000,      2022-11-16,10:59:26    ,                  1035.0
2022-11-16 10:58:26.000,      2022-11-16,10:58:26    ,                  1029.0
2022-11-16 10:57:26.000,      2022-11-16,10:57:26    ,                  1024.0
2022-11-16 10:56:26.000,      2022-11-16,10:56:26    ,                  1021.0
2022-11-16 10:55:26.000,      2022-11-16,10:55:26    ,                  1015.0
2022-11-16 10:54:26.000,      2022-11-16,10:54:26    ,                  1013.0
2022-11-16 10:53:26.000,      2022-11-16,10:53:26    ,                  1007.0
2022-11-16 10:52:26.000,      2022-11-16,10:52:26    ,                  1002.0
2022-11-16 10:51:26.000,      2022-11-16,10:51:26    ,                   999.0
2022-11-16 10:50:26.000,      2022-11-16,10:50:26    ,                   996.0
2022-11-16 10:49:26.000,      2022-11-16,10:49:26    ,                   993.0
2022-11-16 10:48:26.000,      2022-11-16,10:48:26    ,                   989.0
2022-11-16 10:47:26.000,      2022-11-16,10:47:26    ,                   984.0
2022-11-16 10:46:26.000,      2022-11-16,10:46:26    ,                   979.0
2022-11-16 10:45:26.000,      2022-11-16,10:45:26    ,                   974.0
2022-11-16 10:44:26.000,      2022-11-16,10:44:26    ,                   970.0
2022-11-16 10:43:26.000,      2022-11-16,10:43:26    ,                   967.0
2022-11-16 10:42:26.000,      2022-11-16,10:42:26    ,                   964.0
2022-11-16 10:41:26.000,      2022-11-16,10:41:26    ,                   963.0
2022-11-16 10:40:26.000,      2022-11-16,10:40:26    ,                   960.0
2022-11-16 10:39:26.000,      2022-11-16,10:39:26    ,                   956.0
2022-11-16 10:38:26.000,      2022-11-16,10:38:26    ,                   956.0
2022-11-16 10:37:26.000,      2022-11-16,10:37:26    ,                   954.0
2022-11-16 10:36:26.000,      2022-11-16,10:36:26    ,                   949.0
2022-11-16 10:35:26.000,      2022-11-16,10:35:26    ,                   945.0
2022-11-16 10:34:26.000,      2022-11-16,10:34:26    ,                   939.0
2022-11-16 10:33:26.000,      2022-11-16,10:33:26    ,                   935.0
2022-11-16 10:32:26.000,      2022-11-16,10:32:26    ,                   931.0
2022-11-16 10:31:26.000,      2022-11-16,10:31:26    ,                   926.0
2022-11-16 10:30:26.000,      2022-11-16,10:30:26    ,                   922.0
2022-11-16 10:29:26.000,      2022-11-16,10:29:26    ,                   917.0
2022-11-16 10:28:26.000,      2022-11-16,10:28:26    ,                   911.0
2022-11-16 10:27:26.000,      2022-11-16,10:27:26    ,                   906.0
2022-11-16 10:26:26.000,      2022-11-16,10:26:26    ,                   901.0
2022-11-16 10:25:26.000,      2022-11-16,10:25:26    ,                   900.0
2022-11-16 10:24:26.000,      2022-11-16,10:24:26    ,                   896.0
2022-11-16 10:23:26.000,      2022-11-16,10:23:26    ,                   891.0
2022-11-16 10:22:26.000,      2022-11-16,10:22:26    ,                   887.0
2022-11-16 10:21:26.000,      2022-11-16,10:21:26    ,                   881.0
2022-11-16 10:20:26.000,      2022-11-16,10:20:26    ,                   876.0
2022-11-16 10:19:26.000,      2022-11-16,10:19:26    ,                   871.0
2022-11-16 10:18:26.000,      2022-11-16,10:18:26    ,                   867.0
2022-11-16 10:17:26.000,      2022-11-16,10:17:26    ,                   865.0
2022-11-16 10:16:26.000,      2022-11-16,10:16:26    ,                   859.0
2022-11-16 10:15:26.000,      2022-11-16,10:15:26    ,                   853.0
2022-11-16 10:14:26.000,      2022-11-16,10:14:26    ,                   851.0
2022-11-16 10:13:26.000,      2022-11-16,10:13:26    ,                   849.0
2022-11-16 10:12:26.000,      2022-11-16,10:12:26    ,                   846.0
2022-11-16 10:11:26.000,      2022-11-16,10:11:26    ,                   843.0
2022-11-16 10:10:26.000,      2022-11-16,10:10:26    ,                   838.0
2022-11-16 10:09:26.000,      2022-11-16,10:09:26    ,                   834.0
2022-11-16 10:08:26.000,      2022-11-16,10:08:26    ,                   829.0
2022-11-16 10:07:26.000,      2022-11-16,10:07:26    ,                   825.0
2022-11-16 10:06:26.000,      2022-11-16,10:06:26    ,                   822.0
2022-11-16 10:05:26.000,      2022-11-16,10:05:26    ,                   820.0
2022-11-16 10:04:26.000,      2022-11-16,10:04:26    ,                   816.0
2022-11-16 10:03:26.000,      2022-11-16,10:03:26    ,                   814.0
2022-11-16 10:02:26.000,      2022-11-16,10:02:26    ,                   808.0
2022-11-16 10:01:26.000,      2022-11-16,10:01:26    ,                   804.0
2022-11-16 10:00:26.000,      2022-11-16,10:00:26    ,                   798.0
2022-11-16 09:59:26.000,      2022-11-16,09:59:26    ,                   796.0
2022-11-16 09:58:26.000,      2022-11-16,09:58:26    ,                   795.0
2022-11-16 09:57:26.000,      2022-11-16,09:57:26    ,                   793.0
2022-11-16 09:56:26.000,      2022-11-16,09:56:26    ,                   792.0
2022-11-16 09:55:26.000,      2022-11-16,09:55:26    ,                   790.0
2022-11-16 09:54:26.000,      2022-11-16,09:54:26    ,                   788.0
2022-11-16 09:53:26.000,      2022-11-16,09:53:26    ,                   785.0
2022-11-16 09:52:26.000,      2022-11-16,09:52:26    ,                   781.0
2022-11-16 09:51:26.000,      2022-11-16,09:51:26    ,                   777.0
2022-11-16 09:50:26.000,      2022-11-16,09:50:26    ,                   773.0
2022-11-16 09:49:26.000,      2022-11-16,09:49:26    ,                   770.0
2022-11-16 09:48:26.000,      2022-11-16,09:48:26    ,                   770.0
2022-11-16 09:47:26.000,      2022-11-16,09:47:26    ,                   769.0
2022-11-16 09:46:26.000,      2022-11-16,09:46:26    ,                   768.0
2022-11-16 09:45:26.000,      2022-11-16,09:45:26    ,                   766.0
2022-11-16 09:44:26.000,      2022-11-16,09:44:26    ,                   762.0
2022-11-16 09:43:26.000,      2022-11-16,09:43:26    ,                   759.0
2022-11-16 09:42:26.000,      2022-11-16,09:42:26    ,                   757.0
2022-11-16 09:41:26.000,      2022-11-16,09:41:26    ,                   753.0
2022-11-16 09:40:26.000,      2022-11-16,09:40:26    ,                   748.0
2022-11-16 09:39:26.000,      2022-11-16,09:39:26    ,                   744.0
2022-11-16 09:38:26.000,      2022-11-16,09:38:26    ,                   740.0
2022-11-16 09:37:26.000,      2022-11-16,09:37:26    ,                   736.0
2022-11-16 09:36:26.000,      2022-11-16,09:36:26    ,                   736.0
2022-11-16 09:35:26.000,      2022-11-16,09:35:26    ,                   733.0
2022-11-16 09:34:26.000,      2022-11-16,09:34:26    ,                   730.0
2022-11-16 09:33:26.000,      2022-11-16,09:33:26    ,                   726.0
2022-11-16 09:32:26.000,      2022-11-16,09:32:26    ,                   721.0
2022-11-16 09:31:26.000,      2022-11-16,09:31:26    ,                   716.0
2022-11-16 09:30:26.000,      2022-11-16,09:30:26    ,                   711.0
2022-11-16 09:29:26.000,      2022-11-16,09:29:26    ,                   708.0
2022-11-16 09:28:26.000,      2022-11-16,09:28:26    ,                   706.0
2022-11-16 09:27:26.000,      2022-11-16,09:27:26    ,                   702.0
2022-11-16 09:26:26.000,      2022-11-16,09:26:26    ,                   699.0
2022-11-16 09:25:26.000,      2022-11-16,09:25:26    ,                   695.0
2022-11-16 09:24:26.000,      2022-11-16,09:24:26    ,                   689.0
2022-11-16 09:23:26.000,      2022-11-16,09:23:26    ,                   685.0
2022-11-16 09:22:26.000,      2022-11-16,09:22:26    ,                   681.0
2022-11-16 09:21:26.000,      2022-11-16,09:21:26    ,                   677.0
2022-11-16 09:20:26.000,      2022-11-16,09:20:26    ,                   671.0
2022-11-16 09:19:26.000,      2022-11-16,09:19:26    ,                   667.0
2022-11-16 09:18:26.000,      2022-11-16,09:18:26    ,                   661.0
2022-11-16 09:17:26.000,      2022-11-16,09:17:26    ,                   656.0
2022-11-16 09:16:26.000,      2022-11-16,09:16:26    ,                   652.0
2022-11-16 09:15:26.000,      2022-11-16,09:15:26    ,                   649.0
2022-11-16 09:14:26.000,      2022-11-16,09:14:26    ,                   643.0
2022-11-16 09:13:26.000,      2022-11-16,09:13:26    ,                   640.0
2022-11-16 09:12:26.000,      2022-11-16,09:12:26    ,                   635.0
2022-11-16 09:11:26.000,      2022-11-16,09:11:26    ,                   629.0
2022-11-16 09:10:26.000,      2022-11-16,09:10:26    ,                   625.0
2022-11-16 09:09:26.000,      2022-11-16,09:09:26    ,                   619.0
2022-11-16 09:08:26.000,      2022-11-16,09:08:26    ,                   619.0
2022-11-16 09:07:26.000,      2022-11-16,09:07:26    ,                   617.0
2022-11-16 09:06:26.000,      2022-11-16,09:06:26    ,                   615.0
2022-11-16 09:05:26.000,      2022-11-16,09:05:26    ,                   609.0
2022-11-16 09:04:26.000,      2022-11-16,09:04:26    ,                   603.0
2022-11-16 09:03:26.000,      2022-11-16,09:03:26    ,                   600.0
2022-11-16 09:02:26.000,      2022-11-16,09:02:26    ,                   598.0
2022-11-16 09:01:26.000,      2022-11-16,09:01:26    ,                   596.0
2022-11-16 09:00:26.000,      2022-11-16,09:00:26    ,                   593.0
2022-11-16 08:59:26.000,      2022-11-16,08:59:26    ,                   591.0
2022-11-16 08:58:26.000,      2022-11-16,08:58:26    ,                   587.0
2022-11-16 08:57:26.000,      2022-11-16,08:57:26    ,                   584.0
2022-11-16 08:56:26.000,      2022-11-16,08:56:26    ,                   581.0
2022-11-16 08:55:26.000,      2022-11-16,08:55:26    ,                   578.0
2022-11-16 08:54:26.000,      2022-11-16,08:54:26    ,                   573.0
2022-11-16 08:53:26.000,      2022-11-16,08:53:26    ,                   567.0
2022-11-16 08:52:26.000,      2022-11-16,08:52:26    ,                   562.0
2022-11-16 08:51:26.000,      2022-11-16,08:51:26    ,                   558.0
2022-11-16 08:50:26.000,      2022-11-16,08:50:26    ,                   555.0
2022-11-16 08:49:26.000,      2022-11-16,08:49:26    ,                   552.0
2022-11-16 08:48:26.000,      2022-11-16,08:48:26    ,                   549.0
2022-11-16 08:47:26.000,      2022-11-16,08:47:26    ,                   545.0
2022-11-16 08:46:26.000,      2022-11-16,08:46:26    ,                   540.0
2022-11-16 08:45:26.000,      2022-11-16,08:45:26    ,                   536.0
2022-11-16 08:44:26.000,      2022-11-16,08:44:26    ,                   531.0
2022-11-16 08:43:26.000,      2022-11-16,08:43:26    ,                   527.0
2022-11-16 08:42:26.000,      2022-11-16,08:42:26    ,                   526.0
2022-11-16 08:41:26.000,      2022-11-16,08:41:26    ,                   523.0
2022-11-16 08:40:26.000,      2022-11-16,08:40:26    ,                   518.0
2022-11-16 08:39:26.000,      2022-11-16,08:39:26    ,                   514.0
2022-11-16 08:38:26.000,      2022-11-16,08:38:26    ,                   511.0
2022-11-16 08:37:26.000,      2022-11-16,08:37:26    ,                   505.0
2022-11-16 08:36:26.000,      2022-11-16,08:36:26    ,                   504.0
2022-11-16 08:35:26.000,      2022-11-16,08:35:26    ,                   503.0
2022-11-16 08:34:26.000,      2022-11-16,08:34:26    ,                   499.0
2022-11-16 08:33:26.000,      2022-11-16,08:33:26    ,                   493.0
2022-11-16 08:32:26.000,      2022-11-16,08:32:26    ,                   489.0
2022-11-16 08:31:26.000,      2022-11-16,08:31:26    ,                   486.0
2022-11-16 08:30:26.000,      2022-11-16,08:30:26    ,                   481.0
2022-11-16 08:29:26.000,      2022-11-16,08:29:26    ,                   478.0
2022-11-16 08:28:26.000,      2022-11-16,08:28:26    ,                   476.0
2022-11-16 08:27:26.000,      2022-11-16,08:27:26    ,                   476.0
2022-11-16 08:26:26.000,      2022-11-16,08:26:26    ,                   474.0
2022-11-16 08:25:26.000,      2022-11-16,08:25:26    ,                   472.0
2022-11-16 08:24:26.000,      2022-11-16,08:24:26    ,                   467.0
2022-11-16 08:23:26.000,      2022-11-16,08:23:26    ,                   463.0
2022-11-16 08:22:26.000,      2022-11-16,08:22:26    ,                   459.0
2022-11-16 08:21:26.000,      2022-11-16,08:21:26    ,                   455.0
2022-11-16 08:20:26.000,      2022-11-16,08:20:26    ,                   451.0
2022-11-16 08:19:26.000,      2022-11-16,08:19:26    ,                   449.0
2022-11-16 08:18:26.000,      2022-11-16,08:18:26    ,                   446.0
2022-11-16 08:17:26.000,      2022-11-16,08:17:26    ,                   443.0
2022-11-16 08:16:26.000,      2022-11-16,08:16:26    ,                   441.0
2022-11-16 08:15:26.000,      2022-11-16,08:15:26    ,                   436.0
2022-11-16 08:14:26.000,      2022-11-16,08:14:26    ,                   435.0
2022-11-16 08:13:26.000,      2022-11-16,08:13:26    ,                   432.0
2022-11-16 08:12:26.000,      2022-11-16,08:12:26    ,                   429.0
2022-11-16 08:11:26.000,      2022-11-16,08:11:26    ,                   427.0
2022-11-16 08:10:26.000,      2022-11-16,08:10:26    ,                   424.0
2022-11-16 08:09:26.000,      2022-11-16,08:09:26    ,                   423.0
2022-11-16 08:08:26.000,      2022-11-16,08:08:26    ,                   418.0
2022-11-16 08:07:26.000,      2022-11-16,08:07:26    ,                   414.0
2022-11-16 08:06:26.000,      2022-11-16,08:06:26    ,                   410.0
2022-11-16 08:05:26.000,      2022-11-16,08:05:26    ,                   405.0
2022-11-16 08:04:26.000,      2022-11-16,08:04:26    ,                   401.0
2022-11-16 08:03:26.000,      2022-11-16,08:03:26    ,                   398.0
2022-11-16 08:02:26.000,      2022-11-16,08:02:26    ,                   395.0
2022-11-16 08:01:26.000,      2022-11-16,08:01:26    ,                   392.0
2022-11-16 08:00:26.000,      2022-11-16,08:00:26    ,                   388.0
2022-11-16 07:59:26.000,      2022-11-16,07:59:26    ,                   382.0
2022-11-16 07:58:26.000,      2022-11-16,07:58:26    ,                   377.0
2022-11-16 07:57:26.000,      2022-11-16,07:57:26    ,                   372.0
2022-11-16 07:56:26.000,      2022-11-16,07:56:26    ,                   366.0
2022-11-16 07:55:26.000,      2022-11-16,07:55:26    ,                   361.0
2022-11-16 07:54:26.000,      2022-11-16,07:54:26    ,                   356.0
2022-11-16 07:53:26.000,      2022-11-16,07:53:26    ,                   350.0
2022-11-16 07:52:26.000,      2022-11-16,07:52:26    ,                   345.0
2022-11-16 07:51:26.000,      2022-11-16,07:51:26    ,                   341.0
2022-11-16 07:50:26.000,      2022-11-16,07:50:26    ,                   340.0
2022-11-16 07:49:26.000,      2022-11-16,07:49:26    ,                   338.0
2022-11-16 07:48:26.000,      2022-11-16,07:48:26    ,                   333.0
2022-11-16 07:47:26.000,      2022-11-16,07:47:26    ,                   328.0
2022-11-16 07:46:26.000,      2022-11-16,07:46:26    ,                   324.0
2022-11-16 07:45:26.000,      2022-11-16,07:45:26    ,                   319.0
2022-11-16 07:44:26.000,      2022-11-16,07:44:26    ,                   316.0
2022-11-16 07:43:26.000,      2022-11-16,07:43:26    ,                   311.0
2022-11-16 07:42:26.000,      2022-11-16,07:42:26    ,                   308.0
2022-11-16 07:41:26.000,      2022-11-16,07:41:26    ,                   305.0
2022-11-16 07:40:26.000,      2022-11-16,07:40:26    ,                   300.0
2022-11-16 07:39:26.000,      2022-11-16,07:39:26    ,                   296.0
2022-11-16 07:38:26.000,      2022-11-16,07:38:26    ,                   293.0
2022-11-16 07:37:26.000,      2022-11-16,07:37:26    ,                   291.0
2022-11-16 07:36:26.000,      2022-11-16,07:36:26    ,                   290.0
2022-11-16 07:35:26.000,      2022-11-16,07:35:26    ,                   287.0
2022-11-16 07:34:26.000,      2022-11-16,07:34:26    ,                   284.0
2022-11-16 07:33:26.000,      2022-11-16,07:33:26    ,                   282.0
2022-11-16 07:32:26.000,      2022-11-16,07:32:26    ,                   278.0
2022-11-16 07:31:26.000,      2022-11-16,07:31:26    ,                   272.0
2022-11-16 07:30:26.000,      2022-11-16,07:30:26    ,                   268.0
2022-11-16 07:29:26.000,      2022-11-16,07:29:26    ,                   263.0
2022-11-16 07:28:26.000,      2022-11-16,07:28:26    ,                   258.0
2022-11-16 07:27:26.000,      2022-11-16,07:27:26    ,                   254.0
2022-11-16 07:26:26.000,      2022-11-16,07:26:26    ,                   250.0
2022-11-16 07:25:26.000,      2022-11-16,07:25:26    ,                   248.0
2022-11-16 07:24:26.000,      2022-11-16,07:24:26    ,                   242.0
2022-11-16 07:23:26.000,      2022-11-16,07:23:26    ,                   238.0
2022-11-16 07:22:26.000,      2022-11-16,07:22:26    ,                   232.0
2022-11-16 07:21:26.000,      2022-11-16,07:21:26    ,                   228.0
2022-11-16 07:20:26.000,      2022-11-16,07:20:26    ,                   224.0
2022-11-16 07:19:26.000,      2022-11-16,07:19:26    ,                   221.0
2022-11-16 07:18:26.000,      2022-11-16,07:18:26    ,                   218.0
2022-11-16 07:17:26.000,      2022-11-16,07:17:26    ,                   218.0
2022-11-16 07:16:26.000,      2022-11-16,07:16:26    ,                   216.0
2022-11-16 07:15:26.000,      2022-11-16,07:15:26    ,                   214.0
2022-11-16 07:14:26.000,      2022-11-16,07:14:26    ,                   210.0
2022-11-16 07:13:26.000,      2022-11-16,07:13:26    ,                   206.0
2022-11-16 07:12:26.000,      2022-11-16,07:12:26    ,                   202.0
2022-11-16 07:11:26.000,      2022-11-16,07:11:26    ,                   198.0
2022-11-16 07:10:26.000,      2022-11-16,07:10:26    ,                   193.0
2022-11-16 07:09:26.000,      2022-11-16,07:09:26    ,                   189.0
2022-11-16 07:08:26.000,      2022-11-16,07:08:26    ,                   185.0
2022-11-16 07:07:26.000,      2022-11-16,07:07:26    ,                   181.0
2022-11-16 07:06:26.000,      2022-11-16,07:06:26    ,                   178.0
2022-11-16 07:05:26.000,      2022-11-16,07:05:26    ,                   174.0
2022-11-16 07:04:26.000,      2022-11-16,07:04:26    ,                   170.0
2022-11-16 07:03:26.000,      2022-11-16,07:03:26    ,                   167.0
2022-11-16 07:02:26.000,      2022-11-16,07:02:26    ,                   163.0
2022-11-16 07:01:26.000,      2022-11-16,07:01:26    ,                   161.0
2022-11-16 07:00:26.000,      2022-11-16,07:00:26    ,                   159.0
2022-11-16 06:59:26.000,      2022-11-16,06:59:26    ,                   158.0
2022-11-16 06:58:26.000,      2022-11-16,06:58:26    ,                   157.0
2022-11-16 06:57:26.000,      2022-11-16,06:57:26    ,                   155.0
2022-11-16 06:56:26.000,      2022-11-16,06:56:26    ,                   152.0
2022-11-16 06:55:26.000,      2022-11-16,06:55:26    ,                   146.0
2022-11-16 06:54:26.000,      2022-11-16,06:54:26    ,                   142.0
2022-11-16 06:53:26.000,      2022-11-16,06:53:26    ,                   139.0
2022-11-16 06:52:26.000,      2022-11-16,06:52:26    ,                   137.0
2022-11-16 06:51:26.000,      2022-11-16,06:51:26    ,                   133.0
2022-11-16 06:50:26.000,      2022-11-16,06:50:26    ,                   129.0
2022-11-16 06:49:26.000,      2022-11-16,06:49:26    ,                   127.0
2022-11-16 06:48:26.000,      2022-11-16,06:48:26    ,                   126.0
2022-11-16 06:47:26.000,      2022-11-16,06:47:26    ,                   126.0
2022-11-16 06:46:26.000,      2022-11-16,06:46:26    ,                   125.0
2022-11-16 06:45:26.000,      2022-11-16,06:45:26    ,                   123.0
2022-11-16 06:44:26.000,      2022-11-16,06:44:26    ,                   119.0
2022-11-16 06:43:26.000,      2022-11-16,06:43:26    ,                   114.0
2022-11-16 06:42:26.000,      2022-11-16,06:42:26    ,                   112.0
2022-11-16 06:41:26.000,      2022-11-16,06:41:26    ,                   111.0
2022-11-16 06:40:26.000,      2022-11-16,06:40:26    ,                   108.0
2022-11-16 06:39:26.000,      2022-11-16,06:39:26    ,                   103.0
2022-11-16 06:38:26.000,      2022-11-16,06:38:26    ,                    98.0
2022-11-16 06:37:26.000,      2022-11-16,06:37:26    ,                    95.0
2022-11-16 06:36:26.000,      2022-11-16,06:36:26    ,                    94.0
2022-11-16 06:35:26.000,      2022-11-16,06:35:26    ,                    92.0
2022-11-16 06:34:26.000,      2022-11-16,06:34:26    ,                    87.0
2022-11-16 06:33:26.000,      2022-11-16,06:33:26    ,                    82.0
2022-11-16 06:32:26.000,      2022-11-16,06:32:26    ,                    77.0
2022-11-16 06:31:26.000,      2022-11-16,06:31:26    ,                    72.0
2022-11-16 06:30:26.000,      2022-11-16,06:30:26    ,                    68.0
2022-11-16 06:29:26.000,      2022-11-16,06:29:26    ,                    64.0
2022-11-16 06:28:26.000,      2022-11-16,06:28:26    ,                    61.0
2022-11-16 06:27:26.000,      2022-11-16,06:27:26    ,                    61.0
2022-11-16 06:26:26.000,      2022-11-16,06:26:26    ,                    59.0
2022-11-16 06:25:26.000,      2022-11-16,06:25:26    ,                    58.0
2022-11-16 06:24:26.000,      2022-11-16,06:24:26    ,                    55.0
2022-11-16 06:23:26.000,      2022-11-16,06:23:26    ,                    54.0
2022-11-16 06:22:26.000,      2022-11-16,06:22:26    ,                    51.0
2022-11-16 06:21:26.000,      2022-11-16,06:21:26    ,                    50.0
2022-11-16 06:20:26.000,      2022-11-16,06:20:26    ,                    49.0
2022-11-16 06:19:26.000,      2022-11-16,06:19:26    ,                    45.0
2022-11-16 06:18:26.000,      2022-11-16,06:18:26    ,                    41.0
2022-11-16 06:17:26.000,      2022-11-16,06:17:26    ,                    37.0
2022-11-16 06:16:26.000,      2022-11-16,06:16:26    ,                    36.0
2022-11-16 06:15:26.000,      2022-11-16,06:15:26    ,                    33.0
2022-11-16 06:14:26.000,      2022-11-16,06:14:26    ,                    30.0
2022-11-16 06:13:26.000,      2022-11-16,06:13:26    ,                    27.0
2022-11-16 06:12:26.000,      2022-11-16,06:12:26    ,                    25.0
2022-11-16 06:11:26.000,      2022-11-16,06:11:26    ,                    22.0
2022-11-16 06:10:26.000,      2022-11-16,06:10:26    ,                    19.0
2022-11-16 06:09:26.000,      2022-11-16,06:09:26    ,                    17.0
2022-11-16 06:08:26.000,      2022-11-16,06:08:26    ,                    16.0
2022-11-16 06:07:26.000,      2022-11-16,06:07:26    ,                    12.0
2022-11-16 06:06:26.000,      2022-11-16,06:06:26    ,                     8.0
2022-11-16 06:05:26.000,      2022-11-16,06:05:26    ,                     4.0
2022-11-16 06:04:26.000,      2022-11-16,06:04:26    ,                     1.0
2022-11-16 06:03:26.000,      2022-11-16,06:03:26    ,                   758.0
2022-11-16 06:02:26.000,      2022-11-16,06:02:26    ,                  1496.0
2022-11-16 06:01:26.000,      2022-11-16,06:01:26    ,                  1495.0
2022-11-16 06:00:26.000,      2022-11-16,06:00:26    ,                  1494.0
2022-11-16 05:59:26.000,      2022-11-16,05:59:26    ,                  1493.0
2022-11-16 05:58:26.000,      2022-11-16,05:58:26    ,                  1489.0
2022-11-16 05:57:26.000,      2022-11-16,05:57:26    ,                  1484.0
2022-11-16 05:56:26.000,      2022-11-16,05:56:26    ,                  1479.0
2022-11-16 05:55:26.000,      2022-11-16,05:55:26    ,                  1476.0
2022-11-16 05:54:26.000,      2022-11-16,05:54:26    ,                  1475.0
2022-11-16 05:53:26.000,      2022-11-16,05:53:26    ,                  1472.0
2022-11-16 05:52:26.000,      2022-11-16,05:52:26    ,                  1468.0
2022-11-16 05:51:26.000,      2022-11-16,05:51:26    ,                  1463.0
2022-11-16 05:50:26.000,      2022-11-16,05:50:26    ,                  1462.0
2022-11-16 05:49:26.000,      2022-11-16,05:49:26    ,                  1461.0
2022-11-16 05:48:26.000,      2022-11-16,05:48:26    ,                  1459.0
2022-11-16 05:47:26.000,      2022-11-16,05:47:26    ,                  1457.0
2022-11-16 05:46:26.000,      2022-11-16,05:46:26    ,                  1453.0
2022-11-16 05:45:26.000,      2022-11-16,05:45:26    ,                  1449.0
2022-11-16 05:44:26.000,      2022-11-16,05:44:26    ,                  1444.0
2022-11-16 05:43:26.000,      2022-11-16,05:43:26    ,                  1441.0
2022-11-16 05:42:26.000,      2022-11-16,05:42:26    ,                  1437.0
2022-11-16 05:41:26.000,      2022-11-16,05:41:26    ,                  1433.0
2022-11-16 05:40:26.000,      2022-11-16,05:40:26    ,                  1433.0
2022-11-16 05:39:26.000,      2022-11-16,05:39:26    ,                  1431.0
2022-11-16 05:38:26.000,      2022-11-16,05:38:26    ,                  1429.0
2022-11-16 05:37:26.000,      2022-11-16,05:37:26    ,                  1427.0
2022-11-16 05:36:26.000,      2022-11-16,05:36:26    ,                  1424.0
2022-11-16 05:35:26.000,      2022-11-16,05:35:26    ,                  1420.0
2022-11-16 05:34:26.000,      2022-11-16,05:34:26    ,                  1416.0
2022-11-16 05:33:26.000,      2022-11-16,05:33:26    ,                  1412.0
2022-11-16 05:32:26.000,      2022-11-16,05:32:26    ,                  1410.0
2022-11-16 05:31:26.000,      2022-11-16,05:31:26    ,                  1409.0
2022-11-16 05:30:26.000,      2022-11-16,05:30:26    ,                  1407.0
2022-11-16 05:29:26.000,      2022-11-16,05:29:26    ,                  1404.0
2022-11-16 05:28:26.000,      2022-11-16,05:28:26    ,                  1399.0
2022-11-16 05:27:26.000,      2022-11-16,05:27:26    ,                  1395.0
2022-11-16 05:26:26.000,      2022-11-16,05:26:26    ,                  1392.0
2022-11-16 05:25:26.000,      2022-11-16,05:25:26    ,                  1389.0
2022-11-16 05:24:26.000,      2022-11-16,05:24:26    ,                  1385.0
2022-11-16 05:23:26.000,      2022-11-16,05:23:26    ,                  1381.0
2022-11-16 05:22:26.000,      2022-11-16,05:22:26    ,                  1377.0
2022-11-16 05:21:26.000,      2022-11-16,05:21:26    ,                  1371.0
2022-11-16 05:20:26.000,      2022-11-16,05:20:26    ,                  1367.0
2022-11-16 05:19:26.000,      2022-11-16,05:19:26    ,                  1362.0
2022-11-16 05:18:26.000,      2022-11-16,05:18:26    ,                  1359.0
2022-11-16 05:17:26.000,      2022-11-16,05:17:26    ,                  1356.0
2022-11-16 05:16:26.000,      2022-11-16,05:16:26    ,                  1354.0
2022-11-16 05:15:26.000,      2022-11-16,05:15:26    ,                  1349.0
2022-11-16 05:14:26.000,      2022-11-16,05:14:26    ,                  1344.0
2022-11-16 05:13:26.000,      2022-11-16,05:13:26    ,                  1339.0
2022-11-16 05:12:26.000,      2022-11-16,05:12:26    ,                  1334.0
2022-11-16 05:11:26.000,      2022-11-16,05:11:26    ,                  1329.0
2022-11-16 05:10:26.000,      2022-11-16,05:10:26    ,                  1324.0
2022-11-16 05:09:26.000,      2022-11-16,05:09:26    ,                  1320.0
2022-11-16 05:08:26.000,      2022-11-16,05:08:26    ,                  1317.0
2022-11-16 05:07:26.000,      2022-11-16,05:07:26    ,                  1314.0
2022-11-16 05:06:26.000,      2022-11-16,05:06:26    ,                  1310.0
2022-11-16 05:05:26.000,      2022-11-16,05:05:26    ,                  1304.0
2022-11-16 05:04:26.000,      2022-11-16,05:04:26    ,                  1300.0
2022-11-16 05:03:26.000,      2022-11-16,05:03:26    ,                  1294.0
2022-11-16 05:02:26.000,      2022-11-16,05:02:26    ,                  1290.0
2022-11-16 05:01:26.000,      2022-11-16,05:01:26    ,                  1285.0
2022-11-16 05:00:26.000,      2022-11-16,05:00:26    ,                  1280.0
2022-11-16 04:59:26.000,      2022-11-16,04:59:26    ,                  1276.0
2022-11-16 04:58:26.000,      2022-11-16,04:58:26    ,                  1272.0
2022-11-16 04:57:26.000,      2022-11-16,04:57:26    ,                  1268.0
2022-11-16 04:56:26.000,      2022-11-16,04:56:26    ,                  1266.0
2022-11-16 04:55:26.000,      2022-11-16,04:55:26    ,                  1262.0
2022-11-16 04:54:26.000,      2022-11-16,04:54:26    ,                  1258.0
2022-11-16 04:53:26.000,      2022-11-16,04:53:26    ,                  1255.0
2022-11-16 04:52:26.000,      2022-11-16,04:52:26    ,                  1252.0
2022-11-16 04:51:26.000,      2022-11-16,04:51:26    ,                  1251.0
2022-11-16 04:50:26.000,      2022-11-16,04:50:26    ,                  1249.0
2022-11-16 04:49:26.000,      2022-11-16,04:49:26    ,                  1248.0
2022-11-16 04:48:26.000,      2022-11-16,04:48:26    ,                  1245.0
2022-11-16 04:47:26.000,      2022-11-16,04:47:26    ,                  1240.0
2022-11-16 04:46:26.000,      2022-11-16,04:46:26    ,                  1235.0
2022-11-16 04:45:26.000,      2022-11-16,04:45:26    ,                  1230.0
2022-11-16 04:44:26.000,      2022-11-16,04:44:26    ,                  1227.0
2022-11-16 04:43:26.000,      2022-11-16,04:43:26    ,                  1223.0
2022-11-16 04:42:26.000,      2022-11-16,04:42:26    ,                  1219.0
2022-11-16 04:41:26.000,      2022-11-16,04:41:26    ,                  1213.0
2022-11-16 04:40:26.000,      2022-11-16,04:40:26    ,                  1210.0
2022-11-16 04:39:26.000,      2022-11-16,04:39:26    ,                  1207.0
2022-11-16 04:38:26.000,      2022-11-16,04:38:26    ,                  1202.0
2022-11-16 04:37:26.000,      2022-11-16,04:37:26    ,                  1198.0
2022-11-16 04:36:26.000,      2022-11-16,04:36:26    ,                  1197.0
2022-11-16 04:35:26.000,      2022-11-16,04:35:26    ,                  1191.0
2022-11-16 04:34:26.000,      2022-11-16,04:34:26    ,                  1187.0
2022-11-16 04:33:26.000,      2022-11-16,04:33:26    ,                  1183.0
2022-11-16 04:32:26.000,      2022-11-16,04:32:26    ,                  1178.0
2022-11-16 04:31:26.000,      2022-11-16,04:31:26    ,                  1174.0
2022-11-16 04:30:26.000,      2022-11-16,04:30:26    ,                  1170.0
2022-11-16 04:29:26.000,      2022-11-16,04:29:26    ,                  1165.0
2022-11-16 04:28:26.000,      2022-11-16,04:28:26    ,                  1160.0
2022-11-16 04:27:26.000,      2022-11-16,04:27:26    ,                  1156.0
2022-11-16 04:26:26.000,      2022-11-16,04:26:26    ,                  1150.0
2022-11-16 04:25:26.000,      2022-11-16,04:25:26    ,                  1145.0
2022-11-16 04:24:26.000,      2022-11-16,04:24:26    ,                  1141.0
2022-11-16 04:23:26.000,      2022-11-16,04:23:26    ,                  1140.0
2022-11-16 04:22:26.000,      2022-11-16,04:22:26    ,                  1135.0
2022-11-16 04:21:26.000,      2022-11-16,04:21:26    ,                  1133.0
2022-11-16 04:20:26.000,      2022-11-16,04:20:26    ,                  1129.0
2022-11-16 04:19:26.000,      2022-11-16,04:19:26    ,                  1127.0
2022-11-16 04:18:26.000,      2022-11-16,04:18:26    ,                  1124.0
2022-11-16 04:17:26.000,      2022-11-16,04:17:26    ,                  1120.0
2022-11-16 04:16:26.000,      2022-11-16,04:16:26    ,                  1115.0
2022-11-16 04:15:26.000,      2022-11-16,04:15:26    ,                  1111.0
2022-11-16 04:14:26.000,      2022-11-16,04:14:26    ,                  1105.0
2022-11-16 04:13:26.000,      2022-11-16,04:13:26    ,                  1100.0
2022-11-16 04:12:26.000,      2022-11-16,04:12:26    ,                  1095.0
2022-11-16 04:11:26.000,      2022-11-16,04:11:26    ,                  1089.0
2022-11-16 04:10:26.000,      2022-11-16,04:10:26    ,                  1085.0
2022-11-16 04:09:26.000,      2022-11-16,04:09:26    ,                  1081.0
2022-11-16 04:08:26.000,      2022-11-16,04:08:26    ,                  1076.0
2022-11-16 04:07:26.000,      2022-11-16,04:07:26    ,                  1072.0
2022-11-16 04:06:26.000,      2022-11-16,04:06:26    ,                  1068.0
2022-11-16 04:05:26.000,      2022-11-16,04:05:26    ,                  1063.0
2022-11-16 04:04:26.000,      2022-11-16,04:04:26    ,                  1059.0
2022-11-16 04:03:26.000,      2022-11-16,04:03:26    ,                  1057.0
2022-11-16 04:02:26.000,      2022-11-16,04:02:26    ,                  1057.0
2022-11-16 04:01:26.000,      2022-11-16,04:01:26    ,                  1056.0
2022-11-16 04:00:26.000,      2022-11-16,04:00:26    ,                  1051.0
2022-11-16 03:59:26.000,      2022-11-16,03:59:26    ,                  1047.0
2022-11-16 03:58:26.000,      2022-11-16,03:58:26    ,                  1047.0
2022-11-16 03:57:26.000,      2022-11-16,03:57:26    ,                  1044.0
2022-11-16 03:56:26.000,      2022-11-16,03:56:26    ,                  1042.0
2022-11-16 03:55:26.000,      2022-11-16,03:55:26    ,                  1041.0
2022-11-16 03:54:26.000,      2022-11-16,03:54:26    ,                  1038.0
2022-11-16 03:53:26.000,      2022-11-16,03:53:26    ,                  1036.0
2022-11-16 03:52:26.000,      2022-11-16,03:52:26    ,                  1033.0
2022-11-16 03:51:26.000,      2022-11-16,03:51:26    ,                   523.0
2022-11-16 03:50:26.000,      2022-11-16,03:50:26    ,                  1029.0
2022-11-16 03:49:26.000,      2022-11-16,03:49:26    ,                  1025.0
2022-11-16 03:48:26.000,      2022-11-16,03:48:26    ,                  1023.0
2022-11-16 03:47:26.000,      2022-11-16,03:47:26    ,                  1020.0
2022-11-16 03:46:26.000,      2022-11-16,03:46:26    ,                  1019.0
2022-11-16 03:45:26.000,      2022-11-16,03:45:26    ,                  1016.0
2022-11-16 03:44:26.000,      2022-11-16,03:44:26    ,                  1012.0
2022-11-16 03:43:26.000,      2022-11-16,03:43:26    ,                  1008.0
2022-11-16 03:42:26.000,      2022-11-16,03:42:26    ,                  1004.0
2022-11-16 03:41:26.000,      2022-11-16,03:41:26    ,                   998.0
2022-11-16 03:40:26.000,      2022-11-16,03:40:26    ,                   994.0
2022-11-16 03:39:26.000,      2022-11-16,03:39:26    ,                   988.0
2022-11-16 03:38:26.000,      2022-11-16,03:38:26    ,                   985.0
2022-11-16 03:37:26.000,      2022-11-16,03:37:26    ,                   982.0
2022-11-16 03:36:26.000,      2022-11-16,03:36:26    ,                   980.0
2022-11-16 03:35:26.000,      2022-11-16,03:35:26    ,                   977.0
2022-11-16 03:34:26.000,      2022-11-16,03:34:26    ,                   977.0
2022-11-16 03:33:26.000,      2022-11-16,03:33:26    ,                   976.0
2022-11-16 03:32:26.000,      2022-11-16,03:32:26    ,                   972.0
2022-11-16 03:31:26.000,      2022-11-16,03:31:26    ,                   970.0
2022-11-16 03:30:26.000,      2022-11-16,03:30:26    ,                   968.0
2022-11-16 03:29:26.000,      2022-11-16,03:29:26    ,                   964.0
2022-11-16 03:28:26.000,      2022-11-16,03:28:26    ,                   961.0
2022-11-16 03:27:26.000,      2022-11-16,03:27:26    ,                   958.0
2022-11-16 03:26:26.000,      2022-11-16,03:26:26    ,                   952.0
2022-11-16 03:25:26.000,      2022-11-16,03:25:26    ,                   948.0
2022-11-16 03:24:26.000,      2022-11-16,03:24:26    ,                   944.0
2022-11-16 03:23:26.000,      2022-11-16,03:23:26    ,                   941.0
2022-11-16 03:22:26.000,      2022-11-16,03:22:26    ,                   941.0
2022-11-16 03:21:26.000,      2022-11-16,03:21:26    ,                   938.0
2022-11-16 03:20:26.000,      2022-11-16,03:20:26    ,                   936.0
2022-11-16 03:19:26.000,      2022-11-16,03:19:26    ,                   930.0
2022-11-16 03:18:26.000,      2022-11-16,03:18:26    ,                   926.0
2022-11-16 03:17:26.000,      2022-11-16,03:17:26    ,                   922.0
2022-11-16 03:16:26.000,      2022-11-16,03:16:26    ,                   916.0
2022-11-16 03:15:26.000,      2022-11-16,03:15:26    ,                   912.0
2022-11-16 03:14:26.000,      2022-11-16,03:14:26    ,                   906.0
2022-11-16 03:13:26.000,      2022-11-16,03:13:26    ,                   902.0
2022-11-16 03:12:26.000,      2022-11-16,03:12:26    ,                   897.0
2022-11-16 03:11:26.000,      2022-11-16,03:11:26    ,                   892.0
2022-11-16 03:10:26.000,      2022-11-16,03:10:26    ,                   887.0
2022-11-16 03:09:26.000,      2022-11-16,03:09:26    ,                   883.0
2022-11-16 03:08:26.000,      2022-11-16,03:08:26    ,                   877.0
2022-11-16 03:07:26.000,      2022-11-16,03:07:26    ,                   873.0
2022-11-16 03:06:26.000,      2022-11-16,03:06:26    ,                   867.0
2022-11-16 03:05:26.000,      2022-11-16,03:05:26    ,                   863.0
2022-11-16 03:04:26.000,      2022-11-16,03:04:26    ,                   857.0
2022-11-16 03:03:26.000,      2022-11-16,03:03:26    ,                   853.0
2022-11-16 03:02:26.000,      2022-11-16,03:02:26    ,                   847.0
2022-11-16 03:01:26.000,      2022-11-16,03:01:26    ,                   844.0
2022-11-16 03:00:26.000,      2022-11-16,03:00:26    ,                   840.0
2022-11-16 02:59:26.000,      2022-11-16,02:59:26    ,                   837.0
2022-11-16 02:58:26.000,      2022-11-16,02:58:26    ,                   832.0
2022-11-16 02:57:26.000,      2022-11-16,02:57:26    ,                   827.0
2022-11-16 02:56:26.000,      2022-11-16,02:56:26    ,                   822.0
2022-11-16 02:55:26.000,      2022-11-16,02:55:26    ,                   819.0
2022-11-16 02:54:26.000,      2022-11-16,02:54:26    ,                   817.0
2022-11-16 02:53:26.000,      2022-11-16,02:53:26    ,                   814.0
2022-11-16 02:52:26.000,      2022-11-16,02:52:26    ,                   812.0
2022-11-16 02:51:26.000,      2022-11-16,02:51:26    ,                   808.0
2022-11-16 02:50:26.000,      2022-11-16,02:50:26    ,                   803.0
2022-11-16 02:49:26.000,      2022-11-16,02:49:26    ,                   801.0
2022-11-16 02:48:26.000,      2022-11-16,02:48:26    ,                   799.0
2022-11-16 02:47:26.000,      2022-11-16,02:47:26    ,                   797.0
2022-11-16 02:46:26.000,      2022-11-16,02:46:26    ,                   794.0
2022-11-16 02:45:26.000,      2022-11-16,02:45:26    ,                   792.0
2022-11-16 02:44:26.000,      2022-11-16,02:44:26    ,                   789.0
2022-11-16 02:43:26.000,      2022-11-16,02:43:26    ,                   786.0
2022-11-16 02:42:26.000,      2022-11-16,02:42:26    ,                   786.0
2022-11-16 02:41:26.000,      2022-11-16,02:41:26    ,                   782.0
2022-11-16 02:40:26.000,      2022-11-16,02:40:26    ,                   778.0
2022-11-16 02:39:26.000,      2022-11-16,02:39:26    ,                   777.0
2022-11-16 02:38:26.000,      2022-11-16,02:38:26    ,                   775.0
2022-11-16 02:37:26.000,      2022-11-16,02:37:26    ,                   772.0
2022-11-16 02:36:26.000,      2022-11-16,02:36:26    ,                   769.0
2022-11-16 02:35:26.000,      2022-11-16,02:35:26    ,                   765.0
2022-11-16 02:34:26.000,      2022-11-16,02:34:26    ,                   761.0
2022-11-16 02:33:26.000,      2022-11-16,02:33:26    ,                   758.0
2022-11-16 02:32:26.000,      2022-11-16,02:32:26    ,                   756.0
2022-11-16 02:31:26.000,      2022-11-16,02:31:26    ,                   756.0
2022-11-16 02:30:26.000,      2022-11-16,02:30:26    ,                   755.0
2022-11-16 02:29:26.000,      2022-11-16,02:29:26    ,                   753.0
2022-11-16 02:28:26.000,      2022-11-16,02:28:26    ,                   752.0
2022-11-16 02:27:26.000,      2022-11-16,02:27:26    ,                   752.0
2022-11-16 02:26:26.000,      2022-11-16,02:26:26    ,                   747.0
2022-11-16 02:25:26.000,      2022-11-16,02:25:26    ,                   745.0
2022-11-16 02:24:26.000,      2022-11-16,02:24:26    ,                   742.0
2022-11-16 02:23:26.000,      2022-11-16,02:23:26    ,                   738.0
2022-11-16 02:22:26.000,      2022-11-16,02:22:26    ,                   733.0
2022-11-16 02:21:26.000,      2022-11-16,02:21:26    ,                   729.0
2022-11-16 02:20:26.000,      2022-11-16,02:20:26    ,                   723.0
2022-11-16 02:19:26.000,      2022-11-16,02:19:26    ,                   719.0
2022-11-16 02:18:26.000,      2022-11-16,02:18:26    ,                   717.0
2022-11-16 02:17:26.000,      2022-11-16,02:17:26    ,                   715.0
2022-11-16 02:16:26.000,      2022-11-16,02:16:26    ,                   715.0
2022-11-16 02:15:26.000,      2022-11-16,02:15:26    ,                   710.0
2022-11-16 02:14:26.000,      2022-11-16,02:14:26    ,                   708.0
2022-11-16 02:13:26.000,      2022-11-16,02:13:26    ,                   707.0
2022-11-16 02:12:26.000,      2022-11-16,02:12:26    ,                   702.0
2022-11-16 02:11:26.000,      2022-11-16,02:11:26    ,                   700.0
2022-11-16 02:10:26.000,      2022-11-16,02:10:26    ,                   698.0
2022-11-16 02:09:26.000,      2022-11-16,02:09:26    ,                   696.0
2022-11-16 02:08:26.000,      2022-11-16,02:08:26    ,                   692.0
2022-11-16 02:07:26.000,      2022-11-16,02:07:26    ,                   692.0
2022-11-16 02:06:26.000,      2022-11-16,02:06:26    ,                   690.0
2022-11-16 02:05:26.000,      2022-11-16,02:05:26    ,                   688.0
2022-11-16 02:04:26.000,      2022-11-16,02:04:26    ,                   685.0
2022-11-16 02:03:26.000,      2022-11-16,02:03:26    ,                   681.0
2022-11-16 02:02:26.000,      2022-11-16,02:02:26    ,                   679.0
2022-11-16 02:01:26.000,      2022-11-16,02:01:26    ,                   677.0
2022-11-16 02:00:26.000,      2022-11-16,02:00:26    ,                   673.0
2022-11-16 01:59:26.000,      2022-11-16,01:59:26    ,                   668.0
2022-11-16 01:58:26.000,      2022-11-16,01:58:26    ,                   665.0
2022-11-16 01:57:26.000,      2022-11-16,01:57:26    ,                   660.0
2022-11-16 01:56:26.000,      2022-11-16,01:56:26    ,                   657.0
2022-11-16 01:55:26.000,      2022-11-16,01:55:26    ,                   655.0
2022-11-16 01:54:26.000,      2022-11-16,01:54:26    ,                   654.0
2022-11-16 01:53:26.000,      2022-11-16,01:53:26    ,                   650.0
2022-11-16 01:52:26.000,      2022-11-16,01:52:26    ,                   645.0
2022-11-16 01:51:26.000,      2022-11-16,01:51:26    ,                   641.0
2022-11-16 01:50:26.000,      2022-11-16,01:50:26    ,                   637.0
2022-11-16 01:49:26.000,      2022-11-16,01:49:26    ,                   636.0
2022-11-16 01:48:26.000,      2022-11-16,01:48:26    ,                   634.0
2022-11-16 01:47:26.000,      2022-11-16,01:47:26    ,                   630.0
2022-11-16 01:46:26.000,      2022-11-16,01:46:26    ,                   628.0
2022-11-16 01:45:26.000,      2022-11-16,01:45:26    ,                   624.0
2022-11-16 01:44:26.000,      2022-11-16,01:44:26    ,                   621.0
2022-11-16 01:43:26.000,      2022-11-16,01:43:26    ,                   616.0
2022-11-16 01:42:26.000,      2022-11-16,01:42:26    ,                   611.0
2022-11-16 01:41:26.000,      2022-11-16,01:41:26    ,                   607.0
2022-11-16 01:40:26.000,      2022-11-16,01:40:26    ,                   607.0
2022-11-16 01:39:26.000,      2022-11-16,01:39:26    ,                   606.0
2022-11-16 01:38:26.000,      2022-11-16,01:38:26    ,                   605.0
2022-11-16 01:37:26.000,      2022-11-16,01:37:26    ,                   603.0
2022-11-16 01:36:26.000,      2022-11-16,01:36:26    ,                   600.0
2022-11-16 01:35:26.000,      2022-11-16,01:35:26    ,                   597.0
2022-11-16 01:34:26.000,      2022-11-16,01:34:26    ,                   595.0
2022-11-16 01:33:26.000,      2022-11-16,01:33:26    ,                   594.0
2022-11-16 01:32:26.000,      2022-11-16,01:32:26    ,                   593.0
2022-11-16 01:31:26.000,      2022-11-16,01:31:26    ,                   588.0
2022-11-16 01:30:26.000,      2022-11-16,01:30:26    ,                   587.0
2022-11-16 01:29:26.000,      2022-11-16,01:29:26    ,                   586.0
2022-11-16 01:28:26.000,      2022-11-16,01:28:26    ,                   583.0
2022-11-16 01:27:26.000,      2022-11-16,01:27:26    ,                   581.0
2022-11-16 01:26:26.000,      2022-11-16,01:26:26    ,                   579.0
2022-11-16 01:25:26.000,      2022-11-16,01:25:26    ,                   576.0
2022-11-16 01:24:26.000,      2022-11-16,01:24:26    ,                   571.0
2022-11-16 01:23:26.000,      2022-11-16,01:23:26    ,                   566.0
2022-11-16 01:22:26.000,      2022-11-16,01:22:26    ,                   561.0
2022-11-16 01:21:26.000,      2022-11-16,01:21:26    ,                   556.0
2022-11-16 01:20:26.000,      2022-11-16,01:20:26    ,                   551.0
2022-11-16 01:19:26.000,      2022-11-16,01:19:26    ,                   547.0
2022-11-16 01:18:26.000,      2022-11-16,01:18:26    ,                   546.0
2022-11-16 01:17:26.000,      2022-11-16,01:17:26    ,                   543.0
2022-11-16 01:16:26.000,      2022-11-16,01:16:26    ,                   539.0
2022-11-16 01:15:26.000,      2022-11-16,01:15:26    ,                   536.0
2022-11-16 01:14:26.000,      2022-11-16,01:14:26    ,                   531.0
2022-11-16 01:13:26.000,      2022-11-16,01:13:26    ,                   528.0
2022-11-16 01:12:26.000,      2022-11-16,01:12:26    ,                   526.0
2022-11-16 01:11:26.000,      2022-11-16,01:11:26    ,                   524.0
2022-11-16 01:10:26.000,      2022-11-16,01:10:26    ,                   522.0
2022-11-16 01:09:26.000,      2022-11-16,01:09:26    ,                   519.0
2022-11-16 01:08:26.000,      2022-11-16,01:08:26    ,                   517.0
2022-11-16 01:07:26.000,      2022-11-16,01:07:26    ,                   515.0
2022-11-16 01:06:26.000,      2022-11-16,01:06:26    ,                   513.0
2022-11-16 01:05:26.000,      2022-11-16,01:05:26    ,                   509.0
2022-11-16 01:04:26.000,      2022-11-16,01:04:26    ,                   505.0
2022-11-16 01:03:26.000,      2022-11-16,01:03:26    ,                   504.0
2022-11-16 01:02:26.000,      2022-11-16,01:02:26    ,                   501.0
2022-11-16 01:01:26.000,      2022-11-16,01:01:26    ,                   496.0
2022-11-16 01:00:26.000,      2022-11-16,01:00:26    ,                   496.0
2022-11-16 00:59:26.000,      2022-11-16,00:59:26    ,                   494.0
2022-11-16 00:58:26.000,      2022-11-16,00:58:26    ,                   492.0
2022-11-16 00:57:26.000,      2022-11-16,00:57:26    ,                   490.0
2022-11-16 00:56:26.000,      2022-11-16,00:56:26    ,                   484.0
2022-11-16 00:55:26.000,      2022-11-16,00:55:26    ,                   482.0
2022-11-16 00:54:26.000,      2022-11-16,00:54:26    ,                   480.0
2022-11-16 00:53:26.000,      2022-11-16,00:53:26    ,                   478.0
2022-11-16 00:52:26.000,      2022-11-16,00:52:26    ,                   476.0
2022-11-16 00:51:26.000,      2022-11-16,00:51:26    ,                   474.0
2022-11-16 00:50:26.000,      2022-11-16,00:50:26    ,                   472.0
2022-11-16 00:49:26.000,      2022-11-16,00:49:26    ,                   471.0
2022-11-16 00:48:26.000,      2022-11-16,00:48:26    ,                   470.0
2022-11-16 00:47:26.000,      2022-11-16,00:47:26    ,                   466.0
2022-11-16 00:46:26.000,      2022-11-16,00:46:26    ,                   464.0
2022-11-16 00:45:26.000,      2022-11-16,00:45:26    ,                   463.0
2022-11-16 00:44:26.000,      2022-11-16,00:44:26    ,                   459.0
2022-11-16 00:43:26.000,      2022-11-16,00:43:26    ,                   457.0
2022-11-16 00:42:26.000,      2022-11-16,00:42:26    ,                   455.0
2022-11-16 00:41:26.000,      2022-11-16,00:41:26    ,                   451.0
2022-11-16 00:40:26.000,      2022-11-16,00:40:26    ,                   447.0
2022-11-16 00:39:26.000,      2022-11-16,00:39:26    ,                   445.0
2022-11-16 00:38:26.000,      2022-11-16,00:38:26    ,                   443.0
2022-11-16 00:37:26.000,      2022-11-16,00:37:26    ,                   440.0
2022-11-16 00:36:26.000,      2022-11-16,00:36:26    ,                   437.0
2022-11-16 00:35:26.000,      2022-11-16,00:35:26    ,                   433.0
2022-11-16 00:34:26.000,      2022-11-16,00:34:26    ,                   430.0
2022-11-16 00:33:26.000,      2022-11-16,00:33:26    ,                   426.0
2022-11-16 00:32:26.000,      2022-11-16,00:32:26    ,                   422.0
2022-11-16 00:31:26.000,      2022-11-16,00:31:26    ,                   420.0
2022-11-16 00:30:26.000,      2022-11-16,00:30:26    ,                   418.0
2022-11-16 00:29:26.000,      2022-11-16,00:29:26    ,                   413.0
2022-11-16 00:28:26.000,      2022-11-16,00:28:26    ,                   411.0
2022-11-16 00:27:26.000,      2022-11-16,00:27:26    ,                   406.0
2022-11-16 00:26:26.000,      2022-11-16,00:26:26    ,                   402.0
2022-11-16 00:25:26.000,      2022-11-16,00:25:26    ,                   398.0
2022-11-16 00:24:26.000,      2022-11-16,00:24:26    ,                   393.0
2022-11-16 00:23:26.000,      2022-11-16,00:23:26    ,                   390.0
2022-11-16 00:22:26.000,      2022-11-16,00:22:26    ,                   384.0
2022-11-16 00:21:26.000,      2022-11-16,00:21:26    ,                   379.0
2022-11-16 00:20:26.000,      2022-11-16,00:20:26    ,                   376.0
2022-11-16 00:19:26.000,      2022-11-16,00:19:26    ,                   372.0
2022-11-16 00:18:26.000,      2022-11-16,00:18:26    ,                   370.0
2022-11-16 00:17:26.000,      2022-11-16,00:17:26    ,                   368.0
2022-11-16 00:16:26.000,      2022-11-16,00:16:26    ,                   363.0
2022-11-16 00:15:26.000,      2022-11-16,00:15:26    ,                   358.0
2022-11-16 00:14:26.000,      2022-11-16,00:14:26    ,                   353.0
2022-11-16 00:13:26.000,      2022-11-16,00:13:26    ,                   348.0
2022-11-16 00:12:26.000,      2022-11-16,00:12:26    ,                   343.0
2022-11-16 00:11:26.000,      2022-11-16,00:11:26    ,                   338.0
2022-11-16 00:10:26.000,      2022-11-16,00:10:26    ,                   334.0
2022-11-16 00:09:26.000,      2022-11-16,00:09:26    ,                   331.0
2022-11-16 00:08:26.000,      2022-11-16,00:08:26    ,                   325.0
2022-11-16 00:07:26.000,      2022-11-16,00:07:26    ,                   321.0
2022-11-16 00:06:26.000,      2022-11-16,00:06:26    ,                   315.0
2022-11-16 00:05:26.000,      2022-11-16,00:05:26    ,                   311.0
2022-11-16 00:04:26.000,      2022-11-16,00:04:26    ,                   305.0
2022-11-16 00:03:26.000,      2022-11-16,00:03:26    ,                   300.0
2022-11-16 00:02:26.000,      2022-11-16,00:02:26    ,                   295.0
2022-11-16 00:01:26.000,      2022-11-16,00:01:26    ,                   291.0
2022-11-16 00:00:26.000,      2022-11-16,00:00:26    ,                   289.0
2022-11-15 23:59:26.000,      2022-11-15,23:59:26    ,                   286.0
2022-11-15 23:58:26.000,      2022-11-15,23:58:26    ,                   281.0
2022-11-15 23:57:26.000,      2022-11-15,23:57:26    ,                   276.0
2022-11-15 23:56:26.000,      2022-11-15,23:56:26    ,                   271.0
2022-11-15 23:55:26.000,      2022-11-15,23:55:26    ,                   267.0
2022-11-15 23:54:26.000,      2022-11-15,23:54:26    ,                   262.0
2022-11-15 23:53:26.000,      2022-11-15,23:53:26    ,                   257.0
2022-11-15 23:52:26.000,      2022-11-15,23:52:26    ,                   253.0
2022-11-15 23:51:26.000,      2022-11-15,23:51:26    ,                   249.0
2022-11-15 23:50:26.000,      2022-11-15,23:50:26    ,                   245.0
2022-11-15 23:49:26.000,      2022-11-15,23:49:26    ,                   241.0
2022-11-15 23:48:26.000,      2022-11-15,23:48:26    ,                   237.0
2022-11-15 23:47:26.000,      2022-11-15,23:47:26    ,                   233.0
2022-11-15 23:46:26.000,      2022-11-15,23:46:26    ,                   230.0
2022-11-15 23:45:26.000,      2022-11-15,23:45:26    ,                   227.0
2022-11-15 23:44:26.000,      2022-11-15,23:44:26    ,                   223.0
2022-11-15 23:43:26.000,      2022-11-15,23:43:26    ,                   220.0
2022-11-15 23:42:26.000,      2022-11-15,23:42:26    ,                   219.0
2022-11-15 23:41:26.000,      2022-11-15,23:41:26    ,                   217.0
2022-11-15 23:40:26.000,      2022-11-15,23:40:26    ,                   212.0
2022-11-15 23:39:26.000,      2022-11-15,23:39:26    ,                   208.0
2022-11-15 23:38:26.000,      2022-11-15,23:38:26    ,                   203.0
2022-11-15 23:37:26.000,      2022-11-15,23:37:26    ,                   199.0
2022-11-15 23:36:26.000,      2022-11-15,23:36:26    ,                   198.0
2022-11-15 23:35:26.000,      2022-11-15,23:35:26    ,                   197.0
2022-11-15 23:34:26.000,      2022-11-15,23:34:26    ,                   193.0
2022-11-15 23:33:26.000,      2022-11-15,23:33:26    ,                   188.0
2022-11-15 23:32:26.000,      2022-11-15,23:32:26    ,                   184.0
2022-11-15 23:31:26.000,      2022-11-15,23:31:26    ,                   179.0
2022-11-15 23:30:26.000,      2022-11-15,23:30:26    ,                   175.0
2022-11-15 23:29:26.000,      2022-11-15,23:29:26    ,                   173.0
2022-11-15 23:28:26.000,      2022-11-15,23:28:26    ,                   169.0
2022-11-15 23:27:26.000,      2022-11-15,23:27:26    ,                   165.0
2022-11-15 23:26:26.000,      2022-11-15,23:26:26    ,                   164.0
2022-11-15 23:25:26.000,      2022-11-15,23:25:26    ,                   164.0
2022-11-15 23:24:26.000,      2022-11-15,23:24:26    ,                   161.0
2022-11-15 23:23:26.000,      2022-11-15,23:23:26    ,                   155.0
2022-11-15 23:22:26.000,      2022-11-15,23:22:26    ,                   153.0
2022-11-15 23:21:26.000,      2022-11-15,23:21:26    ,                   149.0
2022-11-15 23:20:26.000,      2022-11-15,23:20:26    ,                   146.0
2022-11-15 23:19:26.000,      2022-11-15,23:19:26    ,                   146.0
2022-11-15 23:18:26.000,      2022-11-15,23:18:26    ,                   145.0
2022-11-15 23:17:26.000,      2022-11-15,23:17:26    ,                   143.0
2022-11-15 23:16:26.000,      2022-11-15,23:16:26    ,                   141.0
2022-11-15 23:15:26.000,      2022-11-15,23:15:26    ,                   139.0
2022-11-15 23:14:26.000,      2022-11-15,23:14:26    ,                   134.0
2022-11-15 23:13:26.000,      2022-11-15,23:13:26    ,                   130.0
2022-11-15 23:12:26.000,      2022-11-15,23:12:26    ,                   126.0
2022-11-15 23:11:26.000,      2022-11-15,23:11:26    ,                   124.0
2022-11-15 23:10:26.000,      2022-11-15,23:10:26    ,                   120.0
2022-11-15 23:09:26.000,      2022-11-15,23:09:26    ,                   117.0
2022-11-15 23:08:26.000,      2022-11-15,23:08:26    ,                   114.0
2022-11-15 23:07:26.000,      2022-11-15,23:07:26    ,                   112.0
2022-11-15 23:06:26.000,      2022-11-15,23:06:26    ,                   111.0
2022-11-15 23:05:26.000,      2022-11-15,23:05:26    ,                   109.0
2022-11-15 23:04:26.000,      2022-11-15,23:04:26    ,                   107.0
2022-11-15 23:03:26.000,      2022-11-15,23:03:26    ,                   104.0
2022-11-15 23:02:26.000,      2022-11-15,23:02:26    ,                   101.0
2022-11-15 23:01:26.000,      2022-11-15,23:01:26    ,                    96.0
2022-11-15 23:00:26.000,      2022-11-15,23:00:26    ,                    94.0
2022-11-15 22:59:26.000,      2022-11-15,22:59:26    ,                    91.0
2022-11-15 22:58:26.000,      2022-11-15,22:58:26    ,                    87.0
2022-11-15 22:57:26.000,      2022-11-15,22:57:26    ,                    84.0
2022-11-15 22:56:26.000,      2022-11-15,22:56:26    ,                    80.0
2022-11-15 22:55:26.000,      2022-11-15,22:55:26    ,                    79.0
2022-11-15 22:54:26.000,      2022-11-15,22:54:26    ,                    77.0
2022-11-15 22:53:26.000,      2022-11-15,22:53:26    ,                    75.0
2022-11-15 22:52:26.000,      2022-11-15,22:52:26    ,                    73.0
2022-11-15 22:51:26.000,      2022-11-15,22:51:26    ,                    73.0
2022-11-15 22:50:26.000,      2022-11-15,22:50:26    ,                    73.0
2022-11-15 22:49:26.000,      2022-11-15,22:49:26    ,                    72.0
2022-11-15 22:48:26.000,      2022-11-15,22:48:26    ,                    68.0
2022-11-15 22:47:26.000,      2022-11-15,22:47:26    ,                    65.0
2022-11-15 22:46:26.000,      2022-11-15,22:46:26    ,                    61.0
2022-11-15 22:45:26.000,      2022-11-15,22:45:26    ,                    59.0
2022-11-15 22:44:26.000,      2022-11-15,22:44:26    ,                    57.0
2022-11-15 22:43:26.000,      2022-11-15,22:43:26    ,                    56.0
2022-11-15 22:42:26.000,      2022-11-15,22:42:26    ,                    54.0
2022-11-15 22:41:26.000,      2022-11-15,22:41:26    ,                    53.0
2022-11-15 22:40:26.000,      2022-11-15,22:40:26    ,                    50.0
2022-11-15 22:39:26.000,      2022-11-15,22:39:26    ,                    47.0
2022-11-15 22:38:26.000,      2022-11-15,22:38:26    ,                    45.0
2022-11-15 22:37:26.000,      2022-11-15,22:37:26    ,                    42.0
2022-11-15 22:36:26.000,      2022-11-15,22:36:26    ,                    42.0
2022-11-15 22:35:26.000,      2022-11-15,22:35:26    ,                    40.0
2022-11-15 22:34:26.000,      2022-11-15,22:34:26    ,                    38.0
2022-11-15 22:33:26.000,      2022-11-15,22:33:26    ,                    36.0
2022-11-15 22:32:26.000,      2022-11-15,22:32:26    ,                    34.0
2022-11-15 22:31:26.000,      2022-11-15,22:31:26    ,                    33.0
2022-11-15 22:30:26.000,      2022-11-15,22:30:26    ,                    31.0
2022-11-15 22:29:26.000,      2022-11-15,22:29:26    ,                    30.0
2022-11-15 22:28:26.000,      2022-11-15,22:28:26    ,                    28.0
2022-11-15 22:27:26.000,      2022-11-15,22:27:26    ,                    27.0
2022-11-15 22:26:26.000,      2022-11-15,22:26:26    ,                    27.0
2022-11-15 22:25:26.000,      2022-11-15,22:25:26    ,                    26.0
2022-11-15 22:24:26.000,      2022-11-15,22:24:26    ,                    23.0
2022-11-15 22:23:26.000,      2022-11-15,22:23:26    ,                    20.0
2022-11-15 22:22:26.000,      2022-11-15,22:22:26    ,                    20.0
2022-11-15 22:21:26.000,      2022-11-15,22:21:26    ,                    18.0
2022-11-15 22:20:26.000,      2022-11-15,22:20:26    ,                    15.0
2022-11-15 22:19:26.000,      2022-11-15,22:19:26    ,                    12.0
2022-11-15 22:18:26.000,      2022-11-15,22:18:26    ,                    12.0
2022-11-15 22:17:26.000,      2022-11-15,22:17:26    ,                    11.0
2022-11-15 22:16:26.000,      2022-11-15,22:16:26    ,                    11.0
2022-11-15 22:15:26.000,      2022-11-15,22:15:26    ,                     9.0
2022-11-15 22:14:26.000,      2022-11-15,22:14:26    ,                     7.0
2022-11-15 22:13:26.000,      2022-11-15,22:13:26    ,                     7.0
2022-11-15 22:12:26.000,      2022-11-15,22:12:26    ,                     7.0
2022-11-15 22:11:26.000,      2022-11-15,22:11:26    ,                     7.0
2022-11-15 22:10:26.000,      2022-11-15,22:10:26    ,                     7.0
2022-11-15 22:09:26.000,      2022-11-15,22:09:26    ,                     5.0
2022-11-15 22:08:26.000,      2022-11-15,22:08:26    ,                     5.0
2022-11-15 22:07:26.000,      2022-11-15,22:07:26    ,                     4.0
2022-11-15 22:06:26.000,      2022-11-15,22:06:26    ,                     3.0
2022-11-15 22:05:26.000,      2022-11-15,22:05:26    ,                     2.0
2022-11-15 22:04:26.000,      2022-11-15,22:04:26    ,                     0.0
2022-11-15 22:03:26.000,      2022-11-15,22:03:26    ,                   433.0
2022-11-15 22:02:26.000,      2022-11-15,22:02:26    ,                   624.0
2022-11-15 22:01:26.000,      2022-11-15,22:01:26    ,                   623.0
2022-11-15 22:00:26.000,      2022-11-15,22:00:26    ,                   622.0
2022-11-15 21:59:26.000,      2022-11-15,21:59:26    ,                   620.0
2022-11-15 21:58:26.000,      2022-11-15,21:58:26    ,                   619.0
2022-11-15 21:57:26.000,      2022-11-15,21:57:26    ,                   616.0
2022-11-15 21:56:26.000,      2022-11-15,21:56:26    ,                   616.0
2022-11-15 21:55:26.000,      2022-11-15,21:55:26    ,                   616.0
2022-11-15 21:54:26.000,      2022-11-15,21:54:26    ,                   614.0
2022-11-15 21:53:26.000,      2022-11-15,21:53:26    ,                   612.0
2022-11-15 21:52:26.000,      2022-11-15,21:52:26    ,                   609.0
2022-11-15 21:51:26.000,      2022-11-15,21:51:26    ,                   606.0
2022-11-15 21:50:26.000,      2022-11-15,21:50:26    ,                   603.0
2022-11-15 21:49:26.000,      2022-11-15,21:49:26    ,                   600.0
2022-11-15 21:48:26.000,      2022-11-15,21:48:26    ,                   598.0
2022-11-15 21:47:26.000,      2022-11-15,21:47:26    ,                   596.0
2022-11-15 21:46:26.000,      2022-11-15,21:46:26    ,                   595.0
2022-11-15 21:45:26.000,      2022-11-15,21:45:26    ,                   592.0
2022-11-15 21:44:26.000,      2022-11-15,21:44:26    ,                   589.0
2022-11-15 21:43:26.000,      2022-11-15,21:43:26    ,                   588.0
2022-11-15 21:42:26.000,      2022-11-15,21:42:26    ,                   586.0
2022-11-15 21:41:26.000,      2022-11-15,21:41:26    ,                   585.0
2022-11-15 21:40:26.000,      2022-11-15,21:40:26    ,                   582.0
2022-11-15 21:39:26.000,      2022-11-15,21:39:26    ,                   581.0
2022-11-15 21:38:26.000,      2022-11-15,21:38:26    ,                   580.0
2022-11-15 21:37:26.000,      2022-11-15,21:37:26    ,                   579.0
2022-11-15 21:36:26.000,      2022-11-15,21:36:26    ,                   576.0
2022-11-15 21:35:26.000,      2022-11-15,21:35:26    ,                   573.0
2022-11-15 21:34:26.000,      2022-11-15,21:34:26    ,                   570.0
2022-11-15 21:33:26.000,      2022-11-15,21:33:26    ,                   568.0
2022-11-15 21:32:26.000,      2022-11-15,21:32:26    ,                   566.0
2022-11-15 21:31:26.000,      2022-11-15,21:31:26    ,                   566.0
2022-11-15 21:30:26.000,      2022-11-15,21:30:26    ,                   566.0
2022-11-15 21:29:26.000,      2022-11-15,21:29:26    ,                   566.0
2022-11-15 21:28:26.000,      2022-11-15,21:28:26    ,                   566.0
2022-11-15 21:27:26.000,      2022-11-15,21:27:26    ,                   566.0
2022-11-15 21:26:26.000,      2022-11-15,21:26:26    ,                   566.0
2022-11-15 21:25:26.000,      2022-11-15,21:25:26    ,                   566.0
2022-11-15 21:24:26.000,      2022-11-15,21:24:26    ,                   566.0
2022-11-15 21:23:26.000,      2022-11-15,21:23:26    ,                   566.0
2022-11-15 21:22:26.000,      2022-11-15,21:22:26    ,                   566.0
2022-11-15 21:21:26.000,      2022-11-15,21:21:26    ,                   566.0
2022-11-15 21:20:26.000,      2022-11-15,21:20:26    ,                   566.0
2022-11-15 21:19:26.000,      2022-11-15,21:19:26    ,                   566.0
2022-11-15 21:18:26.000,      2022-11-15,21:18:26    ,                   566.0
2022-11-15 21:17:26.000,      2022-11-15,21:17:26    ,                   566.0
2022-11-15 21:16:26.000,      2022-11-15,21:16:26    ,                   566.0
2022-11-15 21:15:26.000,      2022-11-15,21:15:26    ,                   566.0
2022-11-15 21:14:26.000,      2022-11-15,21:14:26    ,                   566.0
2022-11-15 21:13:26.000,      2022-11-15,21:13:26    ,                   566.0
2022-11-15 21:12:26.000,      2022-11-15,21:12:26    ,                   566.0
2022-11-15 21:11:26.000,      2022-11-15,21:11:26    ,                   566.0
2022-11-15 21:10:26.000,      2022-11-15,21:10:26    ,                   566.0
2022-11-15 21:09:26.000,      2022-11-15,21:09:26    ,                   566.0
2022-11-15 21:08:26.000,      2022-11-15,21:08:26    ,                   566.0
2022-11-15 21:07:26.000,      2022-11-15,21:07:26    ,                   566.0
2022-11-15 21:06:26.000,      2022-11-15,21:06:26    ,                   566.0
2022-11-15 21:05:26.000,      2022-11-15,21:05:26    ,                   564.0
2022-11-15 21:04:26.000,      2022-11-15,21:04:26    ,                   564.0
2022-11-15 21:03:26.000,      2022-11-15,21:03:26    ,                   564.0
2022-11-15 21:02:26.000,      2022-11-15,21:02:26    ,                   563.0
2022-11-15 21:01:26.000,      2022-11-15,21:01:26    ,                   562.0
2022-11-15 21:00:26.000,      2022-11-15,21:00:26    ,                   560.0
2022-11-15 20:59:26.000,      2022-11-15,20:59:26    ,                   560.0
2022-11-15 20:58:26.000,      2022-11-15,20:58:26    ,                   560.0
2022-11-15 20:57:26.000,      2022-11-15,20:57:26    ,                   560.0
2022-11-15 20:56:26.000,      2022-11-15,20:56:26    ,                   560.0
2022-11-15 20:55:26.000,      2022-11-15,20:55:26    ,                   560.0
2022-11-15 20:54:26.000,      2022-11-15,20:54:26    ,                   560.0
2022-11-15 20:53:26.000,      2022-11-15,20:53:26    ,                   560.0
2022-11-15 20:52:26.000,      2022-11-15,20:52:26    ,                   560.0
2022-11-15 20:51:26.000,      2022-11-15,20:51:26    ,                   560.0
2022-11-15 20:50:26.000,      2022-11-15,20:50:26    ,                   560.0
2022-11-15 20:49:26.000,      2022-11-15,20:49:26    ,                   560.0
2022-11-15 20:48:26.000,      2022-11-15,20:48:26    ,                   560.0
2022-11-15 20:47:26.000,      2022-11-15,20:47:26    ,                   560.0
2022-11-15 20:46:26.000,      2022-11-15,20:46:26    ,                   560.0
2022-11-15 20:45:26.000,      2022-11-15,20:45:26    ,                   560.0
2022-11-15 20:44:26.000,      2022-11-15,20:44:26    ,                   560.0
2022-11-15 20:43:26.000,      2022-11-15,20:43:26    ,                   560.0
2022-11-15 20:42:26.000,      2022-11-15,20:42:26    ,                   559.0
2022-11-15 20:41:26.000,      2022-11-15,20:41:26    ,                   558.0
2022-11-15 20:40:26.000,      2022-11-15,20:40:26    ,                   558.0
2022-11-15 20:39:26.000,      2022-11-15,20:39:26    ,                   557.0
2022-11-15 20:38:26.000,      2022-11-15,20:38:26    ,                   556.0
2022-11-15 20:37:26.000,      2022-11-15,20:37:26    ,                   555.0
2022-11-15 20:36:26.000,      2022-11-15,20:36:26    ,                   555.0
2022-11-15 20:35:26.000,      2022-11-15,20:35:26    ,                   555.0
2022-11-15 20:34:26.000,      2022-11-15,20:34:26    ,                   555.0
2022-11-15 20:33:26.000,      2022-11-15,20:33:26    ,                   554.0
2022-11-15 20:32:26.000,      2022-11-15,20:32:26    ,                   554.0
2022-11-15 20:31:26.000,      2022-11-15,20:31:26    ,                   553.0
2022-11-15 20:30:26.000,      2022-11-15,20:30:26    ,                   552.0
2022-11-15 20:29:26.000,      2022-11-15,20:29:26    ,                   550.0
2022-11-15 20:28:26.000,      2022-11-15,20:28:26    ,                   548.0
2022-11-15 20:27:26.000,      2022-11-15,20:27:26    ,                   547.0
2022-11-15 20:26:26.000,      2022-11-15,20:26:26    ,                   546.0
2022-11-15 20:25:26.000,      2022-11-15,20:25:26    ,                   546.0
2022-11-15 20:24:26.000,      2022-11-15,20:24:26    ,                   545.0
2022-11-15 20:23:26.000,      2022-11-15,20:23:26    ,                   544.0
2022-11-15 20:22:26.000,      2022-11-15,20:22:26    ,                   543.0
2022-11-15 20:21:26.000,      2022-11-15,20:21:26    ,                   543.0
2022-11-15 20:20:26.000,      2022-11-15,20:20:26    ,                   541.0
2022-11-15 20:19:26.000,      2022-11-15,20:19:26    ,                   539.0
2022-11-15 20:18:26.000,      2022-11-15,20:18:26    ,                   537.0
2022-11-15 20:17:26.000,      2022-11-15,20:17:26    ,                   536.0
2022-11-15 20:16:26.000,      2022-11-15,20:16:26    ,                   536.0
2022-11-15 20:15:26.000,      2022-11-15,20:15:26    ,                   536.0
2022-11-15 20:14:26.000,      2022-11-15,20:14:26    ,                   535.0
2022-11-15 20:13:26.000,      2022-11-15,20:13:26    ,                   535.0
2022-11-15 20:12:26.000,      2022-11-15,20:12:26    ,                   535.0
2022-11-15 20:11:26.000,      2022-11-15,20:11:26    ,                   535.0
2022-11-15 20:10:26.000,      2022-11-15,20:10:26    ,                   535.0
2022-11-15 20:09:26.000,      2022-11-15,20:09:26    ,                   535.0
2022-11-15 20:08:26.000,      2022-11-15,20:08:26    ,                   534.0
2022-11-15 20:07:26.000,      2022-11-15,20:07:26    ,                   534.0
2022-11-15 20:06:26.000,      2022-11-15,20:06:26    ,                   534.0
2022-11-15 20:05:26.000,      2022-11-15,20:05:26    ,                   532.0
2022-11-15 20:04:26.000,      2022-11-15,20:04:26    ,                   532.0
2022-11-15 20:03:26.000,      2022-11-15,20:03:26    ,                   532.0
2022-11-15 20:02:26.000,      2022-11-15,20:02:26    ,                   529.0
2022-11-15 20:01:26.000,      2022-11-15,20:01:26    ,                   527.0
2022-11-15 20:00:26.000,      2022-11-15,20:00:26    ,                   527.0
2022-11-15 19:59:26.000,      2022-11-15,19:59:26    ,                   527.0
2022-11-15 19:58:26.000,      2022-11-15,19:58:26    ,                   527.0
2022-11-15 19:57:26.000,      2022-11-15,19:57:26    ,                   526.0
2022-11-15 19:56:26.000,      2022-11-15,19:56:26    ,                   526.0
2022-11-15 19:55:26.000,      2022-11-15,19:55:26    ,                   525.0
2022-11-15 19:54:26.000,      2022-11-15,19:54:26    ,                   523.0
2022-11-15 19:53:26.000,      2022-11-15,19:53:26    ,                   521.0
2022-11-15 19:52:26.000,      2022-11-15,19:52:26    ,                   521.0
2022-11-15 19:51:26.000,      2022-11-15,19:51:26    ,                   520.0
2022-11-15 19:50:26.000,      2022-11-15,19:50:26    ,                   519.0
2022-11-15 19:49:26.000,      2022-11-15,19:49:26    ,                   518.0
2022-11-15 19:48:26.000,      2022-11-15,19:48:26    ,                   516.0
2022-11-15 19:47:26.000,      2022-11-15,19:47:26    ,                   515.0
2022-11-15 19:46:26.000,      2022-11-15,19:46:26    ,                   513.0
2022-11-15 19:45:26.000,      2022-11-15,19:45:26    ,                   510.0
2022-11-15 19:44:26.000,      2022-11-15,19:44:26    ,                   510.0
2022-11-15 19:43:26.000,      2022-11-15,19:43:26    ,                   510.0
2022-11-15 19:42:26.000,      2022-11-15,19:42:26    ,                   510.0
2022-11-15 19:41:26.000,      2022-11-15,19:41:26    ,                   510.0
2022-11-15 19:40:26.000,      2022-11-15,19:40:26    ,                   508.0
2022-11-15 19:39:26.000,      2022-11-15,19:39:26    ,                   507.0
2022-11-15 19:38:26.000,      2022-11-15,19:38:26    ,                   507.0
2022-11-15 19:37:26.000,      2022-11-15,19:37:26    ,                   507.0
2022-11-15 19:36:26.000,      2022-11-15,19:36:26    ,                   506.0
2022-11-15 19:35:26.000,      2022-11-15,19:35:26    ,                   506.0
2022-11-15 19:34:26.000,      2022-11-15,19:34:26    ,                   506.0
2022-11-15 19:33:26.000,      2022-11-15,19:33:26    ,                   506.0
2022-11-15 19:32:26.000,      2022-11-15,19:32:26    ,                   505.0
2022-11-15 19:31:26.000,      2022-11-15,19:31:26    ,                   504.0
2022-11-15 19:30:26.000,      2022-11-15,19:30:26    ,                   502.0
2022-11-15 19:29:26.000,      2022-11-15,19:29:26    ,                   501.0
2022-11-15 19:28:26.000,      2022-11-15,19:28:26    ,                   500.0
2022-11-15 19:27:26.000,      2022-11-15,19:27:26    ,                   499.0
2022-11-15 19:26:26.000,      2022-11-15,19:26:26    ,                   498.0
2022-11-15 19:25:26.000,      2022-11-15,19:25:26    ,                   498.0
2022-11-15 19:24:26.000,      2022-11-15,19:24:26    ,                   498.0
2022-11-15 19:23:26.000,      2022-11-15,19:23:26    ,                   498.0
2022-11-15 19:22:26.000,      2022-11-15,19:22:26    ,                   498.0
2022-11-15 19:21:26.000,      2022-11-15,19:21:26    ,                   498.0
2022-11-15 19:20:26.000,      2022-11-15,19:20:26    ,                   498.0
2022-11-15 19:19:26.000,      2022-11-15,19:19:26    ,                   498.0
2022-11-15 19:18:26.000,      2022-11-15,19:18:26    ,                   498.0
2022-11-15 19:17:26.000,      2022-11-15,19:17:26    ,                   498.0
2022-11-15 19:16:26.000,      2022-11-15,19:16:26    ,                   498.0
2022-11-15 19:15:26.000,      2022-11-15,19:15:26    ,                   498.0
2022-11-15 19:14:26.000,      2022-11-15,19:14:26    ,                   498.0
2022-11-15 19:13:26.000,      2022-11-15,19:13:26    ,                   498.0
2022-11-15 19:12:26.000,      2022-11-15,19:12:26    ,                   498.0
2022-11-15 19:11:26.000,      2022-11-15,19:11:26    ,                   497.0
2022-11-15 19:10:26.000,      2022-11-15,19:10:26    ,                   496.0
2022-11-15 19:09:26.000,      2022-11-15,19:09:26    ,                   496.0
2022-11-15 19:08:26.000,      2022-11-15,19:08:26    ,                   496.0
2022-11-15 19:07:26.000,      2022-11-15,19:07:26    ,                   495.0
2022-11-15 19:06:26.000,      2022-11-15,19:06:26    ,                   493.0
2022-11-15 19:05:26.000,      2022-11-15,19:05:26    ,                   492.0
2022-11-15 19:04:26.000,      2022-11-15,19:04:26    ,                   492.0
2022-11-15 19:03:26.000,      2022-11-15,19:03:26    ,                   492.0
2022-11-15 19:02:26.000,      2022-11-15,19:02:26    ,                   492.0
2022-11-15 19:01:26.000,      2022-11-15,19:01:26    ,                   491.0
2022-11-15 19:00:26.000,      2022-11-15,19:00:26    ,                   491.0
2022-11-15 18:59:26.000,      2022-11-15,18:59:26    ,                   491.0
2022-11-15 18:58:26.000,      2022-11-15,18:58:26    ,                   491.0
2022-11-15 18:57:26.000,      2022-11-15,18:57:26    ,                   491.0
2022-11-15 18:56:26.000,      2022-11-15,18:56:26    ,                   491.0
2022-11-15 18:55:26.000,      2022-11-15,18:55:26    ,                   491.0
2022-11-15 18:54:26.000,      2022-11-15,18:54:26    ,                   491.0
2022-11-15 18:53:26.000,      2022-11-15,18:53:26    ,                   491.0

(1000 rows affected)
